id,title,all_authors,author_gender,category,orthography,b0,b1,b2,b3,b4,b5,b6,b7,b8,b9,rfdsd
aug002,En obeskrivlig människa,Kerstin Strandberg,F,PRESTIGE,quot,40027,37376,61233,49708,68787,182903,66808,90391,160504,57662,81541
aug006,I min ungdom speglade jag mig ofta,Per Gunnar Evander,M,PRESTIGE,dash,0,0,0,203228,213090,459516,176330,99821,185595,93545,143118
aug011,Har någon sett mig någon annanstans? Skärvor ur en ganska lång natt,Beate Grimsrud,F,PRESTIGE,dash,97128,275392,193663,195440,79088,196328,233639,87060,169085,122630,164949
aug012,Stundande natten,Carl-Henning Wijkmark,M,PRESTIGE,quot,14138,259504,140478,175935,212759,91423,96136,127593,23249,31741,117294
aug013,Världens sista,Daniel Sjölin,M,PRESTIGE,quot,23265,49699,51224,151954,30102,71436,151531,109603,266633,97357,100281
aug016,Edelcrantz förbindelser,Malte Persson,M,PRESTIGE,dash,197433,88078,148698,195174,35307,290741,97112,124688,50398,155017,138266
aug017,Ett annat liv,Per Olov Enquist,M,PRESTIGE,quot,10754,18734,6678,34432,19166,25239,17691,21249,69725,12142,23581
aug019,Den siste greken,Aris Fioretos,M,PRESTIGE,quot,122715,156587,107808,217823,185463,110091,106207,117503,218732,115903,145883
aug020,En liten historia,Eva Adolfsson,F,PRESTIGE,quot,28992,44937,34376,30234,31276,96914,126320,39139,15945,43703,49184
aug022,Ränderna,Magnus Florin,M,PRESTIGE,dash,105030,197041,0,55030,116272,245562,44083,281953,223964,288843,155774
aug023,Kioskvridning 140 grader. En wästern,Peter Törnqvist,M,PRESTIGE,dash,73386,65061,36117,7941,76076,63781,103996,59682,98489,419057,100359
aug024,Darling River. Doloresvariationer,Sara Stridsberg,F,PRESTIGE,quot,20122,5081,90244,81301,62004,154065,104268,1423,94309,53669,66649
aug026,Välkommen till den här världen:,Amanda Svensson,F,PRESTIGE,quot,2955,78116,123730,360295,121884,206464,102678,136103,303416,133149,156879
aug027,Rekviem för John Cummings,Bengt Ohlsson,M,PRESTIGE,dash,119835,108477,64644,108706,68227,76841,92392,75240,43299,70209,82787
aug029,Lacrimosa,Eva-Marie Liffner,F,PRESTIGE,quot,82988,103301,142991,146733,104504,160631,144594,178805,207537,175621,144770
aug030,Korparna,Tomas Bannerhed,M,PRESTIGE,dash,190520,197756,174396,310625,298637,242528,300550,251689,172335,157105,229615
aug031,Springa med åror,Cilla Naumann,F,PRESTIGE,quot,45278,108419,93402,49346,44224,17333,61196,46524,33074,127720,62650
aug032,Ett kort uppehåll på vägen från Auschwitz,Göran Rosenberg,M,PRESTIGE,quot,51254,18541,86403,57312,59864,90160,41318,57683,66408,128454,65739
aug033,En storm kom från paradiset,Johannes Anyuru,M,PRESTIGE,quot,165001,177918,121482,104567,53052,66738,70275,63048,45979,54291,92236
aug037,Liknelseboken. En kärleksroman,Per Olov Enquist,M,PRESTIGE,dash,0,0,10463,18407,96105,0,24608,38171,0,127688,31544
aug038,Porslinsfasaderna,Sven Olov Karlsson,M,PRESTIGE,dash,102659,42508,17854,30668,14169,52591,36102,136037,63859,57453,55392
aug039,Alkemistens dotter. Slutet på universum,Carl-Michael Edenborg,M,PRESTIGE,dash,217788,339380,315111,481861,308732,427320,432324,320240,267576,274081,338441
aug041,Ett så starkt ljus,Lyra Ekström Lindbäck,F,PRESTIGE,quot,99824,139680,48000,88000,43200,86560,217440,212000,228480,80800,124398
aug042,Beckomberga. Ode till min familj,Sara Stridsberg,F,PRESTIGE,quot,151310,253567,253099,265029,203977,401404,305965,311813,318129,247953,271222
aug045,Mary,Aris Fioretos,M,PRESTIGE,quot,51977,61313,55204,146062,74197,83407,123737,78640,122293,88970,88580
aug046,Masja,Carola Hansson,F,PRESTIGE,quot,43786,98330,83193,88635,70245,141052,129730,136611,108213,169137,106893
aug047,Rörelsen. Den andra platsen,John Ajvide Lindqvist,M,PRESTIGE,quot,77120,59413,72926,64073,128277,173928,94362,84110,98672,21787,87467
aug049,Bli som folk,Stina Stoor,F,PRESTIGE,dash,26288,104085,18472,81350,83126,35879,32682,25933,47957,55437,51121
aug051,De polyglotta älskarna,Lina Wolff,F,PRESTIGE,dash,101322,162829,89734,422671,258841,121379,142772,193879,206359,97920,179771
aug053,Aftonland,Therese Bohman,F,PRESTIGE,quot,147556,70156,173178,77972,109415,236780,147946,125023,156670,59251,130398
aug054,Just nu är jag här,Isabelle Ståhl,F,PRESTIGE,quot,82517,103211,186831,259568,305823,299655,283874,286414,378378,384364,257060
aug056,Hastigheten,Jörgen Gassilewski,M,PRESTIGE,dash,303686,155452,246928,126390,460503,314999,352253,171640,52077,315779,249971
aug057,I en skog av sumak,Klas Östergren,M,PRESTIGE,quot,48871,86067,62292,42370,68402,78353,119405,71059,53925,52198,68294
aug058,Sidonie & Nathalie. Från Limhamn till Lofoten,Sigrid Combüchen,F,PRESTIGE,quot,17441,11922,24396,62479,9493,37201,125621,25168,26272,26603,36660
aug059,Socialdemokratiska noveller,Björn Runeborg,M,PRESTIGE,dash,103309,143533,133739,543214,70584,175616,82714,142182,30733,168524,159423
aug060,Människan är den vackraste staden,Sami Said,M,PRESTIGE,quot,213078,146594,121668,155602,109329,142381,148075,198667,209279,153258,159794
aug061,Väderfenomen,Anna Fock,F,PRESTIGE,quot,221051,218727,331831,378481,378154,324081,369199,267934,280191,328587,309824
aug062,Odenplan,Daniel Gustafsson,M,PRESTIGE,dash,72681,53097,118521,77263,131479,119311,186917,139855,33186,110303,104262
aug065,Splendor,Stefan Lindberg,M,PRESTIGE,quot,88215,142760,38774,156816,79241,192379,94650,39966,47071,72989,95284
bstream_001,Alla kan se dig,Anna Jansson,F,CRIME,quot,195705,230602,279836,647683,466393,363340,291023,554121,589960,481598,410025
bstream_002,"Falleri, fallera, falleralla",Carin Gerhardsen,F,CRIME,dash,161432,328367,219927,277745,337763,427326,389148,485567,265555,219946,311278
bstream_003,Hämnaren,"Dag Öhrlund, Dan Buthler",M,CRIME,quot,304674,213376,175387,172998,278321,306721,186761,210646,138080,229868,221685
bstream_004,Vita spår,Emelie Schepp,F,CRIME,dash,171472,365031,388315,370511,432924,287455,401741,381351,251224,254625,330464
bstream_005,Dominodöden,Jonas Moström,M,CRIME,quot,356881,392450,328483,448158,401363,368938,372395,424826,264910,289422,364783
bstream_006,Den gränslöse,Jussi Adler-Olsen,M,CRIME,quot,355547,494912,462211,374682,487900,600459,489606,451167,246091,404716,436729
bstream_007,Skymningsflickan,Katarina Wennstam,F,CRIME,quot,112565,221143,242715,260198,233309,324813,473776,317861,357632,358757,290277
bstream_008,En mörkare himmel : Gran Canaria,"Mari Jungstedt, Ruben Eliassen",2,CRIME,dash,102669,127961,273711,285821,218733,181224,257636,390419,213160,251018,230235
bstream_009,I sanningens namn,Viveca Sten,F,CRIME,quot,185576,258710,276993,228035,401768,289893,313052,148095,269172,253759,262504
bstream_010,Rädslans fångar : Ett nytt fall för Maria Wern,Anna Jansson,F,CRIME,quot,222845,327109,204833,196727,621527,288115,383196,498352,493904,552614,378923
bstream_011,Kärlek sökes,Carin Hjulström,F,ROMANCE,dash,386792,391613,327602,437278,274472,467934,331757,490630,382607,370815,386151
bstream_012,Där inga ögon ser,Dag Öhrlund,M,CRIME,quot,209250,360123,485806,423697,364388,242570,373317,367453,504198,353772,368458
bstream_013,Motvind,"Dag Öhrlund, Dan Buthler",M,CRIME,quot,283254,307954,224904,192046,366531,185022,248924,353274,233968,269205,266508
bstream_014,På sex meters djup,Denise Rudberg,F,CRIME,dash,544243,256665,473625,508508,500922,629041,735961,612734,702070,597929,556170
bstream_015,Prio ett,Emelie Schepp,F,CRIME,dash,300685,276074,448569,369223,396319,294244,373620,549591,370757,210838,358991
bstream_017,Mordbrännaren,"Anders Gustafson, Johan Kant",M,CRIME,dash,199839,283004,178818,260780,214466,109246,203403,301403,225621,365685,234226
bstream_018,Midnattsflickor,Jonas Moström,M,CRIME,quot,158472,579351,421137,381160,266312,296083,340075,205619,381586,207025,323680
bstream_019,När livet börjar om,Lucy Dillon,F,ROMANCE,quot,318752,359163,413287,397235,389109,420206,412832,363443,513860,360678,394857
bstream_020,Välkommen hem,Ninni Schulman,F,CRIME,quot,229647,286033,314060,394218,277945,371654,414515,277625,274342,309798,314983
bstream_021,Sov du lilla videung,"Cilla Börjlind, Rolf Börjlind",2,CRIME,dash,139988,251333,239167,207500,201667,217083,215750,205417,206417,236250,212057
bstream_022,Den hemliga kvinnan,Anna Ekberg,F,CRIME,dash,278615,186305,208010,197416,205685,310395,296382,147976,184496,188200,220349
bstream_023,Det du inte vet,Anna Jansson,F,CRIME,quot,333832,283527,289053,682054,519341,417981,298837,512720,463681,329381,413040
bstream_024,Tryggare kan ingen vara,Dag Öhrlund,M,CRIME,quot,457838,403207,363083,451893,507825,382111,563852,523423,438949,264876,435706
bstream_025,Uppståndelsen,"Dag Öhrlund, Dan Buthler",M,CRIME,quot,292223,164235,221779,343062,242153,284928,283453,217511,454433,454708,295848
bstream_026,De sju som såg,Denise Rudberg,F,CRIME,dash,533372,564819,463114,438986,722962,399370,763248,689156,544335,462541,558191
bstream_027,Trogen intill döden,Jonas Moström,M,CRIME,quot,319645,597679,321796,411907,377296,365150,326135,481332,324723,280727,380638
bstream_028,Prästens lilla flicka,Susan Casserfelt,F,CRIME,quot,281015,142702,259885,275708,205642,265468,237120,267647,344298,332680,261217
bstream_029,Den tatuerade cirkeln,Susan Casserfelt,F,CRIME,quot,291775,260250,320198,338169,242894,339985,489603,302591,329337,317374,323216
bstream_030,Kvinnan på bänken,Anna Jansson,F,CRIME,quot,188930,431420,523396,308449,573894,621629,524351,433009,517321,452186,457457
bstream_031,Bakom stängda dörrar,B.A. Paris,F,CRIME,quot,313880,332617,313522,358396,142635,254446,289772,392887,431913,339341,316943
bstream_033,5:e Moseboken,Christina Larsson,F,CRIME,quot,496324,548004,487131,568487,445005,610189,487605,593865,649265,339006,522490
bstream_034,Nådastöten,Christina Larsson,F,CRIME,quot,387433,502609,538299,461086,379150,577265,448873,518872,526257,484623,482448
bstream_035,Se till mig som liten är,Dag Öhrlund,M,CRIME,quot,267307,406021,504252,387396,443991,384504,550944,461728,553495,355873,431552
bstream_036,Domaren,Dag Öhrlund,M,CRIME,quot,59218,172477,143661,118125,309300,260178,374797,345063,309516,216652,230899
bstream_037,Hämndens pris,Erik Lewin,M,CRIME,quot,147759,183981,287393,264739,227678,94778,195735,227583,181991,158104,196973
bstream_038,Änglabarnet,"Anders Gustafson, Johan Kant",M,CRIME,quot,62667,275233,281014,162667,160960,288128,172889,120053,245442,204980,197395
bstream_039,Skuggorna ruva,Jonas Moström,M,CRIME,quot,283300,501450,415742,374900,496550,388339,273800,492249,499450,240124,396588
bstream_040,Ondskans ansikte,Mats Ahlstedt,M,CRIME,dash,278337,399431,408552,374437,355484,472107,456172,475243,390784,388297,399884
bstream_042,Mitt hjärta är ditt,Anna Jansson,F,CRIME,quot,435721,431796,469087,543948,532330,515865,574482,624905,478465,364667,497127
bstream_043,Dotter saknad,Anna Jansson,F,CRIME,quot,56013,276139,399560,378208,423537,461030,525852,431252,527384,348750,382773
bstream_044,Ingen lämnas kvar,Dag Öhrlund,M,CRIME,quot,370209,484271,508566,564847,389120,273933,563105,480592,594037,420482,464917
bstream_045,Under nio nätter,Denise Rudberg,F,CRIME,dash,363059,602260,532126,457037,653507,464778,597461,531042,716674,669453,558740
bstream_046,Snödrev,Helene Tursten,F,CRIME,dash,268974,451853,315944,359580,277309,230830,294175,191704,297117,325260,301275
bstream_047,Offer 2117,Jussi Adler-Olsen,M,CRIME,quot,268353,408066,377990,318387,446138,466986,489815,441080,351128,306152,387409
bstream_048,Sista färjan från Ystad,Karin Alfredsson,F,CRIME,dash,242718,236763,315607,280860,241387,213873,326399,229364,233526,267977,258849
bstream_049,Trojanen,Mats Ahlstedt,M,CRIME,dash,312988,480079,482642,441817,424045,334692,513920,518173,468779,444664,442179
bstream_050,Morden på Mörkö,Samuel Karlsson,M,CRIME,quot,322678,385832,385498,452662,305224,387169,286367,310648,260526,295867,339248
bstream_052,När regnen upphör,Dag Öhrlund,M,CRIME,quot,331905,574852,463787,372939,465436,354364,445324,351506,398505,425588,418421
bstream_053,Dödslistan,Anna Jansson,F,CRIME,quot,194537,395083,454224,493828,355119,580172,309692,563075,391340,408843,414593
bstream_055,Fruset guld,"Cilla Börjlind, Rolf Börjlind",2,CRIME,dash,253678,114329,347109,258388,341861,365758,416682,270453,245525,316307,293008
bstream_059,Offermakaren,Viveca Sten,F,CRIME,quot,94169,119684,265908,220207,216108,257506,281074,184548,233426,100625,197326
bstream_060,De sju systrarna,Lucinda Riley,F,ROMANCE,quot,390533,412229,453171,471639,532903,479708,373439,471102,448449,504513,453768
bstream_062,Ödesmark,Stina Jackson,F,CRIME,dash,175762,185042,121852,164273,155563,132788,226359,192665,294741,215667,186471
bstream_063,Tio grisar nere,Denise Rudberg,F,CRIME,dash,292869,476748,393883,388421,428371,756592,653870,544476,503901,576935,501607
bstream_064,Sovsågott,Anders Roslund,M,CRIME,dash,239696,321929,320841,395259,328663,301962,247285,204344,226036,170598,275661
bstream_065,Skuggan bakom dig,Anna Jansson,F,CRIME,quot,354244,300992,512759,523126,552415,472975,502924,484405,448698,469384,462191
orig_001,1986 - S1,Jesper Ersgård,M,CRIME,dash,350165,227373,169066,209929,252623,353946,413150,356062,266406,297146,289588
orig_002,1986 - S2,Jesper Ersgård,M,CRIME,dash,187485,159393,372074,158922,159746,258911,300200,308552,363722,190919,245992
orig_003,1986 - S3,Jesper Ersgård,M,CRIME,dash,237449,394236,512322,142671,404799,196375,189619,229756,411320,486046,320458
orig_004,42 kilo kärlek,Felicia Welander,F,ROMANCE,quot,207855,315215,222597,209543,237227,291020,162390,252645,353365,361508,261335
orig_005,Akademin,Eva Maria Fredensborg,F,CRIME,quot,239688,388800,319271,336779,367753,263647,339692,343794,363056,215937,317842
orig_006,Akademin 2 - Pojken som försvann,Eva Maria Fredensborg,F,CRIME,quot,234433,347680,371935,278998,317693,252690,385552,301464,259658,234718,298482
orig_008,Änkornas begravningsbyrå,Johanna Nilsson,F,OTHER,quot,276359,428588,340909,426362,428187,470650,403351,500879,402413,390744,406842
orig_009,Annars tar jag dig - S1,C S Duffy,F,CRIME,quot,201139,218003,262564,252625,365687,314608,270940,342975,296180,321233,284594
orig_010,Av jord är du kommen,Marko Kilpi,M,CRIME,dash,220467,179327,255581,237170,215425,225975,218179,232531,307190,273847,236569
orig_011,Bergtagen - S1,"Linda Skugge, Sigrid Tollgård",F,CRIME,dash,139270,221374,304569,203562,271158,412324,265959,256887,248921,203562,252757
orig_012,"Blod, tvätt & dårar - S1",Max Landergård,M,OTHER,quot,350000,460406,357360,526523,329442,367132,380076,348604,494416,535982,414993
orig_013,Blodet ropar - S1,Edmond Alonso,M,CRIME,quot,122447,226532,403303,294437,262929,275532,296502,322251,326706,212757,274340
orig_014,Byvalla - S1,Karin Janson,F,ROMANCE,quot,331325,309102,284369,326846,358318,405775,487820,415819,490898,414741,382500
orig_015,Byvalla - S2,Karin Janson,F,ROMANCE,quot,298126,339912,294487,379824,390341,436163,438258,491180,433958,419451,392170
orig_016,Byvalla - S3,Karin Janson,F,ROMANCE,quot,378690,317746,261151,390798,392091,318897,484538,417151,332292,319793,361314
orig_017,Centralgången - Del 1,"Felicia Welander, Gunnar Svensén, Karin Janson, Magnus Abrahamsson, Storytel Writers' Room",2,ROMANCE,quot,285487,285678,182710,253899,334144,303203,244927,259936,230337,280731,266105
orig_018,Dalagatan 14 - S1,"Karina Berg Johansson, Magnus Nordin",2,CRIME,quot,124646,339075,267452,337829,234814,208839,259973,277879,254533,208409,251343
orig_019,De herrelösa hundarna - S1,Fredrik Hardenborg,M,CRIME,quot,206868,86977,280894,163498,196530,164449,176806,76996,280775,236958,187074
orig_020,De själlösa - S1,Helene Holmström,F,CRIME,quot,175760,146793,375082,296199,273797,374823,283023,347419,188065,249728,271067
orig_021,Deadline - S1,Carl V Andersson,M,CRIME,quot,283216,364500,292992,326356,394465,442302,574143,459928,336775,348113,382279
orig_026,Dolt nummer - S1,Niklas Lindroth,M,CRIME,quot,131300,188490,227213,335915,150006,342071,192684,328607,281068,273475,245082
orig_027,Drömmen om Tom,Sara Dalengren,F,ROMANCE,quot,114827,190084,195854,264869,208716,203981,236132,299258,227888,227915,216952
orig_028,Ellen Holms - privatdetektiv - S1,Nicolet Steemers,F,CRIME,quot,399216,360257,449222,239724,455161,341727,474103,509087,398385,253386,388029
orig_029,En andra chans - S1,Martyn van Beek,M,CRIME,quot,96633,180486,394327,284757,421914,489713,430330,624532,270418,316085,350920
orig_030,En annan strand,Klas Lundström,M,ROMANCE,dash,325934,375308,384118,359525,332903,417479,371388,361917,294608,373429,359661
orig_031,En ohelig allians - S1,Maria Vickberg,F,CRIME,quot,310886,266244,331648,372203,353808,314974,321106,317448,290125,283916,316236
orig_032,Evas första vecka som död - S1,Anders Fager,M,OTHER,quot,66370,37638,66236,147105,205029,179285,320500,406034,319782,287787,203574
orig_033,Fader Malakis ögon - S01,Marko Hautala,M,CRIME,quot,188613,113889,105497,169525,174738,45948,131283,90850,3665,80377,110439
orig_034,Förändringarnas vindar - Del 1,Veronica Almer,F,ROMANCE,quot,322791,319740,312738,274229,330856,267273,267166,297875,267965,307456,296809
orig_035,Gäddsimmerskan - S1,Cecilia Klang,F,ROMANCE,quot,394772,331681,413972,345877,167099,454709,573119,482141,329540,401239,389416
orig_036,Gäddsimmerskan och bryggmästarens kärlek - S2E1,Cecilia Klang,F,ROMANCE,quot,323666,411491,494852,437680,374184,346618,332854,350493,303111,431418,380636
orig_037,Graffitimorden,Christian Holmqvist,M,CRIME,quot,48740,156199,179049,267284,146824,285062,139677,234708,88118,224279,176994
orig_038,Gustav III checkar in - S1,Christian Holmqvist,M,OTHER,quot,254515,513416,541151,435501,519675,401961,327786,263674,395253,342407,399533
orig_039,Gustav III checkar in - S2,Christian Holmqvist,M,OTHER,quot,481875,532170,535914,504420,446856,366902,524502,454739,482994,294282,462467
orig_040,Gustav III checkar in – julspecial,Christian Holmqvist,M,OTHER,quot,261938,540408,646067,352776,247191,379480,443118,444132,524579,276880,411661
orig_041,Ha ett underbart år,Tove Meyer,F,ROMANCE,quot,96663,139598,222154,218501,149411,383710,211385,330226,284225,256288,229216
orig_042,Härifrån till dig,Albert Lindemalm,M,ROMANCE,quot,139239,281927,229658,181162,258110,231922,206488,243453,265438,344471,238186
orig_043,I krig och kärlek,"Caroline Grimwalker, Leffe Grimwalker",2,ROMANCE,quot,121338,271287,172085,216030,153745,171588,286531,359295,351673,250327,235388
orig_044,Jordbunden - S1,Erik Thulin,M,CRIME,dash,265088,190658,237586,171887,229098,282440,235731,323475,171450,203012,231043
orig_045,Jordbunden - S2,Erik Thulin,M,CRIME,quot,228603,228603,211844,180335,276425,282235,212626,254413,238659,131523,224528
orig_046,Jordbunden - S3,Erik Thulin,M,CRIME,quot,180231,179648,300384,291769,249651,246012,353359,298056,251717,251397,260223
orig_047,Jul i Byvalla,Karin Janson,F,ROMANCE,quot,548406,285292,328217,490254,373081,522150,349469,311872,514758,496161,421966
orig_048,Jul på Huvudkontoret,Gunnar Svensén,M,ROMANCE,quot,119313,215201,222752,211802,175261,183408,275979,167710,222851,243020,203730
orig_049,Jungfruresan - S1,Joel Arvidsson,M,OTHER,quot,164283,216769,212588,267826,310333,177707,191131,236466,243838,192913,221385
orig_050,Kalla fötter - S1,Karin Janson,F,ROMANCE,quot,321018,254645,289032,343328,278159,402027,444738,320629,408952,393053,345558
orig_051,Kämpa tjejer! - S1,Jenny Gromark Wennberg,F,ROMANCE,quot,347021,325815,305995,288183,244943,335499,379995,397695,286222,355891,326726
orig_052,Kropparna i Timmerdalen - S1,Gustaf Gustafsson,M,OTHER,quot,240951,201000,259264,316149,264871,284130,376112,256095,316675,448196,296345
orig_053,Lillforsa Ladies,Karin Janson,F,ROMANCE,quot,157328,229021,223319,250566,278175,305694,246402,336834,344256,279171,265076
orig_054,Majken Linds mordmysterier - S1,"Boel Bermann, Olle Söderström",2,CRIME,quot,444228,441413,432535,520523,593327,329474,591378,455119,515822,630819,495460
orig_055,Maskeradstaden,Maria Monciu,F,OTHER,quot,431555,540260,405584,591450,499188,435281,376258,613528,520074,386580,479974
orig_056,Mördarens syster,Emma Andersson,F,CRIME,quot,272546,180943,247897,218325,237716,221558,230165,195219,244135,241479,228999
orig_057,Mörkermannen,Anna Bågstam,F,CRIME,quot,238386,292416,352363,441166,375876,467051,385102,407416,510229,296744,376676
orig_058,Mörkt arv - S1,Arianna Bommarco,F,CRIME,quot,289598,370791,282240,473185,567224,417186,320155,555375,478548,292878,404719
orig_059,Nära gränsen – Gisslan,Daniel Åberg,M,CRIME,quot,178516,193461,92564,250430,296712,256589,244090,310841,335386,356703,251528
orig_060,Nära gränsen – Hotet,Daniel Åberg,M,CRIME,quot,318703,351334,364903,331300,377926,320827,361351,363810,392678,320827,350366
orig_061,Nina i Granbergsbyn - S1,Anna Holmström Degerman,F,ROMANCE,quot,129149,177148,256407,218020,141470,193519,188551,166422,145986,136954,175362
orig_062,Nina i Granbergsbyn - S2,Anna Holmström Degerman,F,ROMANCE,quot,215981,223465,179592,141064,222222,227787,217251,236391,196495,227566,208782
orig_063,Ögonvittnet,Anna Bågstam,F,CRIME,quot,254338,357974,309798,399799,406579,308826,428142,318455,527730,469509,378115
orig_064,Önskebrunnen - S1,"Felicia Welander, Peo Bengtsson",2,CRIME,quot,119000,143541,280659,239430,169937,142824,78019,104415,306587,322004,190640
orig_065,Panopticon,JC Koldemo,F,OTHER,quot,75976,80299,179417,248895,258129,137234,181943,216060,429443,352978,216038
orig_067,Ryggdjur,Hanna von Corswant,F,CRIME,quot,98322,126817,201371,106489,141929,110389,116521,163810,164618,219359,144962
orig_068,Saknad - S1,Lone Theils,F,CRIME,quot,229767,302524,443654,435004,386183,421495,458467,487736,541533,425812,413217
orig_069,Samtal pågår,"Henrik Karlsson, Tiina Nevala",2,ROMANCE,quot,239856,376674,229538,341292,332367,346446,415678,343409,378744,318841,332284
orig_070,Sekten - S1,Maria Nordström,F,CRIME,quot,376024,112358,273431,442586,250337,312268,455719,302391,164328,461159,315059
orig_071,Semesterkaos på Huvudkontoret,Gunnar Svensén,M,ROMANCE,quot,182461,230660,142453,255540,180189,168868,224894,286321,156604,301887,212989
orig_072,Skuggspelet,Anna Bågstam,F,CRIME,quot,368202,390586,407396,395986,437358,467220,418133,442203,531890,448828,430779
orig_073,Slutspel,Nina Hampusson,F,OTHER,quot,377950,237230,455956,409020,454958,510471,420878,476676,456953,446033,424612
orig_074,Sofia Tholls kabinett - S1,Elisabeth Östnäs,F,CRIME,quot,259574,306613,258424,383669,158730,237493,191834,135710,120759,258569,231138
orig_075,Stackars Birger - S1,Martina Montelius,F,OTHER,quot,45154,280314,381938,389596,608956,299900,184358,339571,641886,317740,348943
orig_076,Stockholm Psycho,Anna Bågstam,F,CRIME,quot,275983,312336,179148,232231,260590,326965,249372,348253,393231,310187,288830
orig_077,Storm,Karina Berg Johansson,F,CRIME,quot,185868,266302,329688,197853,327258,267666,271567,195828,405427,324220,277166
orig_078,Summer Karlsson - S1,Johanna Nilsson,F,ROMANCE,quot,274925,476032,561839,474580,420730,443096,508197,606972,444698,457045,466809
orig_079,Summer Karlsson - S2,Johanna Nilsson,F,ROMANCE,quot,415512,479446,444321,537618,429410,527202,458172,449418,479889,408466,462947
orig_080,Summer Karlsson - S3,Johanna Nilsson,F,ROMANCE,quot,297145,415925,399738,550026,396988,429806,408329,608382,392090,440864,433928
orig_081,Svart stjärna - S1,"Jesper Ersgård, Joakim Ersgård",M,OTHER,dash,270966,264746,287799,92447,116125,100307,292178,117106,90987,164562,179724
orig_082,Svart stjärna - S2,"Jesper Ersgård, Joakim Ersgård",M,OTHER,dash,248793,221672,154459,169281,87969,132617,190275,143719,273802,89176,171178
orig_083,Svart stjärna - S3,"Jesper Ersgård, Joakim Ersgård",M,OTHER,dash,141518,20964,102981,90495,31250,184611,48958,30855,94531,57292,80347
orig_085,Tick Tack - S1,Leffe Grimwalker,M,CRIME,quot,94962,129554,137705,95085,242312,254415,177081,294183,240583,287761,195361
orig_086,Tick Tack - S2,Leffe Grimwalker,M,CRIME,quot,97089,163373,87540,160563,104941,191085,315970,180129,258861,204511,176407
orig_087,Tick Tack - S3,Leffe Grimwalker,M,CRIME,quot,84364,164117,256550,217355,296793,315028,244393,254140,285894,181323,229996
orig_088,Tio platser du måste besöka efter min död,Karin Wallén,F,ROMANCE,quot,217800,164290,300531,321172,245467,363184,291874,302300,323715,360902,289123
orig_089,Utpost,Dmitry Glukhovsky,M,OTHER,quot,233017,392214,261484,351558,389302,307958,352960,318848,250944,146447,300472
orig_091,Vargland - S1,Björn Olofsson,M,CRIME,quot,74375,73867,332910,270881,232136,238482,78065,289123,383551,316197,228959
orig_092,Vargland - S2,Björn Olofsson,M,CRIME,quot,194430,315667,217666,156673,315925,125967,174726,179239,269761,330883,228092
orig_093,Vespers vidunderliga äventyr,Ida Kjellin,F,OTHER,quot,213928,203301,174547,261421,258999,201917,310617,198722,220234,265602,230930
orig_094,Victoria Bonde - Jakten,Leffe Grimwalker,M,CRIME,quot,269092,342022,325136,311585,302068,204726,144352,210518,323612,103252,253637
orig_095,Virus:1,Daniel Åberg,M,OTHER,quot,166087,130921,21261,89632,255253,203158,232969,198060,280492,313813,189164
orig_096,Virus:2,Daniel Åberg,M,OTHER,quot,242453,248213,234905,302933,197248,203200,228373,254000,264320,246000,242165
orig_097,Virus:3,Daniel Åberg,M,OTHER,quot,120279,258798,265236,369206,288550,238627,297425,221352,165343,318704,254351
orig_098,Virus:4,Daniel Åberg,M,OTHER,quot,272327,187955,503636,250102,207108,376011,441622,211206,334528,292635,307714
orig_099,Virus:5,Daniel Åberg,M,OTHER,quot,376530,235989,237840,282907,453560,179622,376959,441104,308997,266187,315968
orig_100,Virus:6,Daniel Åberg,M,OTHER,quot,216298,264086,271836,262208,300219,308535,274103,318168,287876,222686,272601
orig_101,Virus:7,Daniel Åberg,M,OTHER,quot,265640,203428,236666,176977,390238,330723,220830,285217,274254,177934,256191
orig_102,Westins bageri & kafé - S1,Solja Krapu-Kallio,F,ROMANCE,dash,196721,163292,202529,176042,231354,219115,168542,204672,218686,294042,207498
orig_103,Westins bageri & kafé - S2,Solja Krapu-Kallio,F,ROMANCE,dash,235105,211250,242317,225119,241678,258072,200710,253190,252191,312805,243243
orig_104,Westins bageri & kafé - S3,Solja Krapu-Kallio,F,ROMANCE,dash,248093,206199,205594,209105,239012,160673,271219,141906,257779,275006,221458
orig_105,Westins bageri & kafé - S4,Solja Krapu-Kallio,F,ROMANCE,dash,221198,204774,149474,300756,251684,155146,63697,158927,342195,216497,206435
SvB_BS_001,Da Vinci-koden,Dan Brown,M,CRIME,quot,222601,288984,258138,247903,308742,601706,341791,361549,288415,284526,320436
SvB_BS_002,Tjuvarnas marknad,Jan Guillou,M,CRIME,quot,258093,386492,356323,272546,406267,479349,216968,167916,306834,421418,327220
SvB_BS_004,Skuggorna och regnet,Håkan Nesser,M,CRIME,quot,87047,275676,188828,192144,234014,61140,21660,37620,119909,80941,129897
SvB_BS_006,Boken om Blanche och Marie,Per Olov Enquist,M,PRESTIGE,dash,0,34214,10454,8554,34404,8363,55313,24710,11595,7033,19464
SvB_BS_007,Gregorius,Bengt Ohlsson,M,PRESTIGE,dash,69666,17244,121628,99709,105074,26364,143547,88826,47517,17629,73721
SvB_BS_008,Den röda vargen,Liza Marklund,F,CRIME,dash,301425,351030,289364,403077,314625,224143,163438,424827,293257,374300,313947
SvB_BS_009,"En annan tid, ett annat liv",Leif G.W. Persson,M,CRIME,dash,17751,340407,350169,321204,299927,458448,359852,482088,572777,536028,373864
SvB_BS_010,Bortom sanningen,Anne Holt,F,CRIME,dash,377044,429518,369135,466816,326173,396495,341669,486801,410067,522603,412632
SvB_BS_011,Ett öga rött,Jonas Hassen Khemiri,M,OTHER,quot,205379,117598,153044,154712,130108,174937,111968,44204,384279,143870,162010
SvB_BS_012,Solstorm,Åsa Larsson,F,CRIME,dash,377423,324971,208793,306766,467756,395034,286239,317116,268339,327293,327974
SvB_BS_013,Änglar och demoner,Dan Brown,M,CRIME,quot,349230,366860,435220,404080,319597,293772,177992,89638,108687,330879,287595
SvB_BS_014,I cirkelns mitt,Dan Brown,M,CRIME,quot,303755,361534,349229,437995,229243,386850,500464,389278,184979,167488,331082
SvB_BS_015,Linda - som i Lindamordet,Leif G.W. Persson,M,CRIME,dash,221664,451799,422696,449789,425337,375603,300395,408762,271856,251558,357946
SvB_BS_016,Gangsters,Klas Östergren,M,PRESTIGE,quot,121208,100250,100250,182527,202719,334526,406196,268623,152630,283721,215266
SvB_BS_017,Kennedys hjärna,Henning Mankell,M,OTHER,dash,46117,258943,322114,290394,337587,469353,435648,429562,320004,353195,326290
SvB_BS_018,Stenhuggaren,Camilla Läckberg,F,CRIME,quot,206408,217258,268315,292295,321699,301423,294223,238133,189669,251363,258079
SvB_BS_019,Efter alla år av saknad,Peter Robinson,M,CRIME,quot,369178,359946,356423,567261,506941,409273,538510,428793,565076,721001,482239
SvB_BS_020,Det blod som spillts,Åsa Larsson,F,CRIME,dash,182950,267422,253084,130266,276679,198733,263643,223852,342447,80036,221912
SvB_BS_021,Predikanten,Camilla Läckberg,F,CRIME,quot,276560,317663,349786,333927,403463,387976,440812,441379,335464,291552,357858
SvB_BS_022,Små citroner gula,Kajsa Ingemarsson,F,ROMANCE,quot,188953,281855,359570,318906,229160,205469,240536,300565,256615,408834,279045
SvB_BS_023,Tillsammans är man mindre ensam,Anna Gavalda,F,ROMANCE,dash,351332,421875,469603,322944,538698,530559,549951,543107,594317,413051,473544
SvB_BS_024,Madame Terror,Jan Guillou,M,CRIME,quot,117245,257064,116093,224893,188037,96668,226505,230651,212684,267967,193781
SvB_BS_025,Nobels testamente,Liza Marklund,F,CRIME,dash,321975,295749,355789,405981,402156,401252,333913,319280,288968,316352,344142
SvB_BS_026,Flickan som lekte med elden,Stieg Larsson,M,CRIME,quot,77309,297428,258828,275055,449027,477061,217424,277966,434040,245687,300983
SvB_BS_027,Olycksfågeln,Camilla Läckberg,F,CRIME,quot,379185,416165,408709,276866,320742,400214,402804,379515,375918,250474,361060
SvB_BS_028,Svart stig,Åsa Larsson,F,CRIME,dash,196802,359056,98051,197621,275790,282959,259196,357521,202119,99160,232828
SvB_BS_029,Människa utan hund,Håkan Nesser,M,CRIME,quot,149062,210425,268086,233951,418006,208871,315676,308142,199662,232798,254467
SvB_BS_030,Svinalängorna,Susanna Alakoski,F,PRESTIGE,dash,78307,50979,32628,91551,400953,135273,36338,29101,36514,95078,98670
SvB_BS_031,Mannen som dog som en lax,Mikael Niemi,M,OTHER,dash,336933,310928,116101,198806,142268,101179,123348,193264,185164,198977,190697
SvB_BS_032,Skam,Karin Alvtegen,F,OTHER,quot,170074,299857,152127,97932,207868,178037,191467,201688,183147,238916,192111
SvB_BS_033,Den amerikanska flickan,Monika Fagerholm,F,PRESTIGE,quot,84743,95940,177948,209826,111839,137350,137359,99345,115046,79017,124841
SvB_BS_034,Den ryske vännen,Kajsa Ingemarsson,F,OTHER,quot,364528,192373,190471,125325,173256,235512,159159,142528,83375,186286,185282
SvB_BS_035,En lek med eld,Peter Robinson,M,CRIME,quot,457990,493562,440342,435906,511165,576121,372341,498452,620293,450530,485669
SvB_BS_036,Män som hatar kvinnor,Stieg Larsson,M,CRIME,quot,341664,508109,323711,294904,316146,295794,467441,298414,574740,249637,367056
SvB_BS_037,Isprinsessan,Camilla Läckberg,F,CRIME,quot,271810,270115,262852,259726,285288,272698,288216,327254,362521,484181,308465
SvB_BS_038,Mordet på Harriet Krohn,Karin Fossum,F,CRIME,dash,47921,40733,108386,213420,264975,270049,376233,308386,602396,643361,287581
SvB_BS_039,Mossvikenfruar - Chansen,Emma Hamberg,F,ROMANCE,quot,294321,131181,132334,254828,189996,149632,243298,188987,321609,245639,215185
SvB_BS_040,Box 21,Roslund & Hellström,M,CRIME,dash,59737,139257,129589,77667,201716,201825,155333,165110,198458,185966,151465
SvB_BS_041,Flickan med majblommorna,Karin Wahlberg,F,CRIME,dash,41432,244259,247038,249326,184604,240500,246384,209365,262483,298357,222375
SvB_BS_042,Luftslottet som sprängdes,Stieg Larsson,M,CRIME,quot,505930,357796,408233,549839,297801,419352,433556,485274,589474,287818,433508
SvB_BS_043,Tyskungen,Camilla Läckberg,F,CRIME,quot,267983,377145,321614,403949,364219,383101,361865,455905,327226,278102,354111
SvB_BS_044,Livstid,Liza Marklund,F,CRIME,dash,256014,370628,350691,415845,394976,300937,304058,362477,213237,381932,335079
SvB_BS_045,Faller fritt som i en dröm,Leif G.W. Persson,M,CRIME,dash,396541,418921,458150,351371,203736,379813,503766,398373,348117,323230,378202
SvB_BS_046,En helt annan historia,Håkan Nesser,M,CRIME,quot,319318,285890,315850,294487,332129,353923,381909,436714,520844,538039,377910
SvB_BS_047,Fienden inom oss,Jan Guillou,M,CRIME,quot,210615,138877,276451,261477,279105,271207,365590,217799,220168,220630,246192
SvB_BS_049,Tusen strålande solar,Khaled Hosseini,M,OTHER,quot,211237,200820,178252,210605,179277,308639,220183,181996,227357,109030,202740
SvB_BS_050,Skugga,Karin Alvtegen,F,CRIME,quot,164064,103737,144323,157836,215481,236364,229311,323926,278273,276074,212938
SvB_BS_051,En märklig affär,Peter Robinson,M,CRIME,quot,283477,273089,491831,470160,538559,561923,575214,589859,642597,449589,487628
SvB_BS_052,Flyga drake,Khaled Hosseini,M,OTHER,quot,124814,181962,174253,143057,210183,219751,283972,182351,331627,218654,207063
SvB_BS_053,Den döende dandyn,Mari Jungstedt,F,CRIME,dash,31094,402477,368286,164491,437264,84668,326693,297752,306502,232364,265157
SvB_BS_054,Snabba cash,Jens Lapidus,M,CRIME,quot,135127,209563,279911,167383,145960,250111,182357,188955,223351,168421,195113
SvB_BS_055,Montecore,Jonas Hassen Khemiri,M,PRESTIGE,quot,134639,135719,81161,94949,163538,167860,26877,51722,127346,128984,111281
SvB_BS_056,Nu vill jag sjunga dig milda sånger,Linda Olsson,F,OTHER,quot,12028,201925,163885,94121,174711,166591,159976,183431,124342,52173,133318
SvB_BS_057,Aldrig fucka upp,Jens Lapidus,M,CRIME,quot,238643,225924,306010,260062,232586,223164,207228,165422,247325,185960,229233
SvB_BS_058,Men inte om det gäller din dotter,Jan Guillou,M,CRIME,quot,176171,350380,223547,150612,159699,164719,226938,220959,170758,187637,203142
SvB_BS_059,Sjöjungfrun,Camilla Läckberg,F,CRIME,quot,300971,245400,206562,273880,328479,234829,331350,273040,453214,303344,295107
SvB_BS_060,Kinesen,Henning Mankell,M,CRIME,dash,252003,180524,215078,122187,293480,279697,251170,180973,339509,270932,238555
SvB_BS_061,En plats i solen,Liza Marklund,F,CRIME,dash,353931,359891,393240,366908,385045,432850,275011,262939,237136,311024,337797
SvB_BS_062,Den som dödar draken,Leif G.W. Persson,M,CRIME,dash,251385,380721,541152,485473,480906,538237,364202,364590,367408,561073,433515
SvB_BS_063,Till dess din vrede upphör,Åsa Larsson,F,CRIME,dash,142895,432059,285657,348063,314756,284994,462580,142232,199045,132696,274494
SvB_BS_064,Nattfåk,Johan Theorin,M,CRIME,quot,224437,197496,291637,232248,277744,399299,358738,193090,100551,235577,251082
SvB_BS_065,Midvinterblod,Mons Kallentoft,M,CRIME,quot,234151,263138,424097,432358,350316,353147,310000,353901,235871,225776,318276
SvB_BS_066,Mig äger ingen,Åsa Linderborg,F,PRESTIGE,dash,54095,47651,73258,74627,70375,72749,81581,122266,123113,44607,76433
SvB_BS_067,Den förlorade symbolen,Dan Brown,M,CRIME,quot,277303,456013,341053,282215,254163,246699,356979,185136,237512,399809,303688
SvB_BS_068,Fyrvaktaren,Camilla Läckberg,F,CRIME,quot,183587,400845,337758,408011,370823,464927,338387,388218,356944,222222,347172
SvB_BS_069,Den orolige mannen,Henning Mankell,M,CRIME,dash,212589,387385,316521,260970,340151,296578,428950,445195,368191,304276,336080
SvB_BS_070,Hypnotisören - Black edition,Lars Kepler,2,CRIME,dash,280096,308078,311044,295297,262251,359387,331945,340418,286400,208728,298365
SvB_BS_071,Tre sekunder,Roslund & Hellström,M,CRIME,dash,142485,231043,289179,149684,137046,223381,232148,310900,269905,205292,219106
SvB_BS_072,Hundraåringen som klev ut genom fönstret och försvann,Jonas Jonasson,M,OTHER,dash,43447,66491,86620,72144,107022,167957,87357,105019,439566,103753,127939
SvB_BS_073,Den dubbla tystnaden,Mari Jungstedt,F,CRIME,dash,16292,181277,252133,505818,491400,287174,492242,273468,459271,297039,325610
SvB_BS_074,Den mörka ängeln,Mari Jungstedt,F,CRIME,dash,125738,251623,565230,364817,269815,388872,406139,331907,311246,281476,329688
SvB_BS_075,Sommardöden,Mons Kallentoft,M,CRIME,quot,182603,296796,299147,243527,241420,276064,374033,223986,229518,84218,245132
SvB_BS_076,Snömannen,Jo Nesbø,M,CRIME,quot,268517,261832,507135,420039,413333,311891,345809,336842,325536,274698,346563
SvB_BS_077,Paganinikontraktet,Lars Kepler,2,CRIME,dash,261461,210840,351786,308025,308721,261848,457090,187026,394773,232720,297429
SvB_BS_078,Blodläge,Johan Theorin,M,CRIME,quot,126960,166558,122864,226216,230044,303305,294650,423490,257025,138549,228966
SvB_BS_079,Den döende detektiven,Leif G.W. Persson,M,CRIME,dash,412060,482854,427902,608481,526514,521034,540900,660003,521914,496822,519847
SvB_BS_080,Postcard Killers,Liza Marklund,F,CRIME,dash,208212,303952,272462,311512,265292,398385,224055,352689,343643,291753,297196
SvB_BS_081,1222 över havet,Anne Holt,F,CRIME,dash,235942,317628,286137,217710,213093,357405,248846,288742,260211,305944,273165
SvB_BS_082,Bara vanligt vatten,Kajsa Ingemarsson,F,ROMANCE,quot,202823,212187,185736,226844,240839,230169,194069,279248,135170,249186,215626
SvB_BS_083,Boktjuven,Markus Zusak,M,OTHER,quot,79242,173842,112908,122621,162255,172617,157749,140196,151785,80882,135410
SvB_BS_084,Igelkottens elegans,Muriel Barbery,F,OTHER,dash,33837,27184,46463,94162,106935,115257,92775,84466,224411,118585,94407
SvB_BS_085,Höstoffer,Mons Kallentoft,M,CRIME,quot,44993,240054,293579,264930,289923,232600,298877,285676,249573,209987,241019
SvB_BS_086,I den innersta kretsen,Viveca Sten,F,CRIME,quot,284392,411155,400573,242641,297619,243717,183993,314594,319885,177930,287653
SvB_BS_087,Eldvittnet,Lars Kepler,2,CRIME,dash,222851,245144,358470,191522,368803,270562,192366,394190,194815,233848,267257
SvB_BS_088,Änglamakerskan,Camilla Läckberg,F,CRIME,quot,350809,360205,372078,565338,301090,360600,447690,253316,353099,309065,367331
SvB_BS_089,En dag,David Nicholls,M,OTHER,quot,272335,303198,278948,322876,288800,349955,435781,335177,296605,207866,309155
SvB_BS_090,Livet deluxe,Jens Lapidus,M,CRIME,quot,220440,126757,129524,214620,262829,286231,243648,207239,252449,172049,211579
SvB_BS_091,Brobyggarna,Jan Guillou,M,OTHER,quot,141197,118331,146261,219818,167848,110389,216566,112041,137626,232836,160291
SvB_BS_092,Niceville,Kathryn Stockett,F,OTHER,quot,257126,244236,261241,297368,233949,305779,254342,354191,324781,279758,281277
SvB_BS_093,"Du gamla, du fria",Liza Marklund,F,CRIME,dash,171417,277024,342626,275987,314022,316302,360348,304798,232770,260131,285543
SvB_BS_094,Pansarhjärta,Jo Nesbø,M,CRIME,quot,201040,445093,401168,617757,457418,417499,272839,607009,493984,369100,428289
SvB_BS_095,Det fjärde offret,Mari Jungstedt,F,CRIME,dash,211080,256134,381774,454104,331356,272041,420811,70774,248989,181990,282908
SvB_BS_096,Drömmen förde dej vilse,Anna Jansson,F,CRIME,quot,242101,307181,293233,448622,386183,534975,323199,423232,326468,406451,369165
SvB_BS_098,Det fördolda,"Hans Rosenfeldt, Michael Hjorth",M,CRIME,dash,132090,231732,110523,290528,269880,173536,293982,149206,226435,239868,211776
SvB_BS_099,Huvudjägarna,Jo Nesbø,M,CRIME,quot,307131,162895,463302,214562,147536,44669,398541,85616,436356,462478,272314
SvB_BS_101,Sankta Psyko,Johan Theorin,M,CRIME,quot,267806,135448,234022,163011,204999,177912,232859,197372,270006,279391,216283
SvB_BS_102,Tusenskönor,Kristina Ohlsson,F,CRIME,dash,313937,359437,267446,310567,337167,330888,374504,362510,416039,348964,342146
SvB_BS_103,I grunden utan skuld,Viveca Sten,F,CRIME,quot,175625,184825,184825,279726,214136,275633,232275,245437,229952,227187,224962
SvB_BS_104,I natt är du död,Viveca Sten,F,CRIME,quot,248671,234693,303455,287131,335173,231603,407441,324918,496167,203005,307224
SvB_BS_105,Den femte årstiden,Mons Kallentoft,M,CRIME,quot,149982,164677,193951,144942,275581,223225,153077,181923,250199,118068,185562
SvB_BS_106,Utrensning,Sofi Oksanen,F,PRESTIGE,dash,95187,142975,50615,68228,84555,92242,77924,98865,171594,59957,94214
SvB_BS_107,Ensamma hjärtan och hemlösa hundar,Lucy Dillon,F,ROMANCE,quot,321713,289903,384002,385110,312652,450403,316567,371889,417608,422040,367188
SvB_BS_108,Strindbergs stjärna,Jan Wallentin,M,CRIME,dash,81647,113351,236844,398794,194143,236155,56417,219361,327649,81912,194627
SvB_BS_109,Sandmannen,Lars Kepler,2,CRIME,dash,144809,173356,344451,392972,180516,209064,393443,155549,120124,128038,224232
SvB_BS_110,Änglavakter,Kristina Ohlsson,F,CRIME,dash,337921,372099,332980,276273,371129,317540,301156,292836,390806,429277,342201
SvB_BS_111,Någonstans inom oss,Kajsa Ingemarsson,F,ROMANCE,quot,271449,304456,263043,357872,469957,479696,496356,377799,341733,213996,357637
SvB_BS_112,Torka aldrig tårar utan handskar: 1. Kärleken,Jonas Gardell,M,OTHER,quot,114119,79198,103592,70343,124645,40100,106099,180117,151880,96575,106667
SvB_BS_114,Dandy,Jan Guillou,M,OTHER,quot,73298,174669,212013,103922,83185,120925,148770,93756,117862,240170,136856
SvB_BS_115,Den sista akten,Mari Jungstedt,F,CRIME,dash,136627,402156,311555,246419,358223,210171,254145,96556,386225,363592,276566
SvB_BS_117,Två soldater,Roslund & Hellström,M,CRIME,dash,72289,132330,55049,66298,243760,340944,171404,164148,260334,168076,167463
SvB_BS_118,Lärjungen,"Hans Rosenfeldt, Michael Hjorth",M,CRIME,dash,132679,210046,218858,244288,130988,99012,144772,198212,120161,146913,164593
SvB_BS_119,I stundens hetta,Viveca Sten,F,CRIME,quot,196595,248421,322981,279366,223817,462898,299925,306061,282471,249411,287195
SvB_BS_120,Till offer åt Molok,Åsa Larsson,F,CRIME,dash,242288,265012,337116,212411,263593,362530,252364,309456,405556,272104,292242
SvB_BS_121,Gengångare,Jo Nesbø,M,CRIME,quot,125252,311696,294756,386832,345108,507514,200155,244016,328815,298009,304215
SvB_BS_122,En man som heter Ove,Fredrik Backman,M,OTHER,dash,99728,129668,73389,147305,96908,137942,162548,136977,162112,95710,124230
SvB_BS_123,Fjällgraven,"Hans Rosenfeldt, Michael Hjorth",M,CRIME,dash,95725,230362,140072,151522,232626,177319,164058,187899,144638,105080,162930
SvB_BS_124,Helgonet,Carin Gerhardsen,F,CRIME,dash,392449,504690,430736,281351,399952,241943,352290,382997,181337,264310,343206
SvB_BS_126,Felicia försvann,Felicia Feldt,F,OTHER,dash,49652,115786,162607,113255,53148,110724,94590,101866,138564,41126,98130
SvB_BS_127,Den tomma stolen,J.K. Rowling ,F,OTHER,quot,131115,148803,175088,169769,224009,246274,257839,269343,232915,179727,203488
SvB_BS_129,Vattenänglar,Mons Kallentoft,M,CRIME,quot,78870,228863,249133,205756,133704,254175,236845,238210,282008,101985,200954
SvB_BS_130,Livet efter dig,Jojo Moyes,F,ROMANCE,quot,396209,346744,326499,373424,302737,296191,305996,324612,288410,247405,320823
SvB_BS_131,Inferno,Dan Brown,M,CRIME,quot,177403,215983,260788,215358,205337,326963,237857,328492,239455,366574,257420
SvB_BS_132,Little Bee,Chris Cleave,M,OTHER,quot,72031,172874,431758,112273,307224,493757,367022,680824,285989,262860,318663
SvB_BS_133,Den sanna historien om Pinocchios näsa : en roman om ett brott,Leif G.W. Persson,M,CRIME,dash,406933,432165,377216,340169,530845,420415,476180,433184,342151,330652,408991
SvB_BS_134,Analfabeten som kunde räkna,Jonas Jonasson,M,OTHER,dash,114000,86640,125073,167265,129342,114776,124187,108869,132143,145352,124765
SvB_BS_135,Innan floden tar oss,Helena Thorfinn,F,OTHER,quot,204917,358503,310347,402404,330474,254559,310145,326084,246522,331577,307553
SvB_BS_136,Mellan rött och svart,Jan Guillou,M,OTHER,quot,59482,215825,185994,248568,121237,176808,132879,367531,176262,184009,186859
SvB_BS_137,Paradisoffer,Kristina Ohlsson,F,CRIME,dash,253696,338035,401459,349742,360409,381615,364821,436284,325778,275805,348765
SvB_BS_138,Du går inte ensam,Mari Jungstedt,F,CRIME,dash,116654,245499,168792,181920,266692,219992,356152,225806,480120,82896,234452
SvB_BS_139,Lyckliga gatan,Liza Marklund,F,CRIME,dash,220118,303000,271151,357108,240069,316035,369897,347147,386252,145862,295666
SvB_BS_140,När skönheten kom till Bro,Anna Jansson,F,CRIME,quot,162765,411158,400485,295816,345949,535597,446938,407884,365191,374333,374612
SvB_BS_141,Polis,Jo Nesbø,M,CRIME,quot,226434,390226,279048,440834,448857,319361,500669,425191,204372,195895,343090
SvB_BS_142,För mycket lycka,Alice Munro,F,PRESTIGE,quot,148079,141552,150898,245197,188805,200955,67920,70620,170215,149756,153400
SvB_BS_143,Kaffe med rån,Catharina Ingelman-Sundberg,F,CRIME,quot,216346,350325,298531,256252,383993,196233,344472,285015,354901,357386,304344
SvB_BS_144,I farans riktning,Viveca Sten,F,CRIME,quot,128216,352604,395938,156130,324271,408125,311843,310208,412083,164167,296355
SvB_BS_145,Min mormor hälsar och säger förlåt,Fredrik Backman,M,OTHER,dash,123818,118163,51317,226705,231938,303174,208558,203916,273970,308575,205014
SvB_BS_146,Mörka platser,Gillian Flynn,F,CRIME,quot,159647,149390,134157,243733,233781,275735,309398,316356,292856,225907,234096
SvB_BS_147,Gideons ring,Carin Gerhardsen,F,CRIME,dash,146386,442948,312443,186677,254531,313152,310994,490837,300395,221322,297966
SvB_BS_148,Och bergen svarade,Khaled Hosseini,M,OTHER,quot,87852,81328,114453,164351,150034,123772,203236,171044,149780,140557,138641
SvB_BS_149,Flaskpost från P,Jussi Adler-Olsen,M,CRIME,quot,252062,354437,302399,244363,437272,411150,351663,339795,349075,267272,330948
SvB_BS_150,Torka aldrig tårar utan handskar: 2. Sjukdomen,Jonas Gardell,M,OTHER,quot,135301,56551,49909,172471,108126,197314,171476,204610,251410,200663,154782
SvB_BS_151,Egenmäktigt förfarande : En roman om kärlek,Lena Andersson,F,PRESTIGE,dash,100899,262455,144838,70878,9245,245956,288392,75758,211608,276323,168635
SvB_BS_152,Handen : ett fall för Wallander,Henning Mankell,M,CRIME,dash,173277,362096,378274,336287,515023,423729,374422,508860,464946,376733,391356
SvB_BS_153,Rörgast,Johan Theorin,M,CRIME,quot,197607,179119,199243,251506,335141,190222,267321,240317,176779,169995,220726
SvB_BS_154,Att inte vilja se,Jan Guillou,M,OTHER,quot,79955,139176,124301,153861,182852,116806,127807,196779,60256,75036,125682
SvB_BS_155,Stalker,Lars Kepler,2,CRIME,dash,264039,260922,291141,235835,418074,318937,261777,262989,207754,162497,268397
SvB_BS_156,Gone Girl,Gillian Flynn,F,CRIME,quot,101806,236619,229326,279127,362016,233149,357172,374132,329726,278555,278162
SvB_BS_157,Lejontämjaren,Camilla Läckberg,F,CRIME,quot,164403,349716,338766,434768,411255,380750,550378,330278,301502,281640,354344
SvB_BS_158,VIP-rummet,Jens Lapidus,M,CRIME,quot,196956,321232,351522,232014,369636,374313,311976,351819,276169,317470,310311
SvB_BS_159,Sophies historia,Jojo Moyes,F,ROMANCE,quot,254598,188097,269496,293707,408551,382866,242104,342904,339877,228620,295083
SvB_BS_160,Utan personligt ansvar,Lena Andersson,F,OTHER,dash,198527,150416,167189,203055,149734,306790,223101,135688,141416,313923,198985
SvB_BS_161,Sonen,Jo Nesbø,M,CRIME,quot,314236,342274,281962,340263,401952,352512,282892,436077,240854,406158,339917
SvB_BS_162,Än klappar hjärtan,Helena von Zweigbergk,F,OTHER,quot,203020,283720,254540,203805,114999,231791,254469,203690,331230,228085,230935
SvB_BS_163,Jag heter inte Miriam,Majgull Axelsson,F,OTHER,quot,72751,72828,107398,172544,159561,93032,254360,106553,273412,259834,157226
SvB_BS_164,Steglitsan,Donna Tartt,F,PRESTIGE,quot,150824,312815,273799,309972,319837,235330,293427,476142,360634,334715,306749
SvB_BS_165,De underkända,"Hans Rosenfeldt, Michael Hjorth",M,CRIME,quot,173207,298686,170302,179960,217487,196660,205786,198686,202774,193849,203740
SvB_BS_166,Blå stjärnan,Jan Guillou,M,OTHER,quot,227604,234741,189970,174358,291851,269328,317297,193079,202995,209049,231027
SvB_BS_167,Det som inte dödar oss : Millennium 4,David Lagercrantz,M,CRIME,quot,304705,294807,288881,370512,507390,240920,464064,582503,400209,351994,380598
SvB_BS_168,Bombmakaren och hans kvinna,Leif G.W. Persson,M,CRIME,dash,349303,467362,547532,367973,483012,357677,324593,359325,496877,409390,416305
SvB_BS_169,Britt-Marie var här,Fredrik Backman,M,OTHER,dash,260639,207387,285226,293936,284785,250055,231312,297685,270562,268026,264961
SvB_BS_170,Mördar-Anders och hans vänner (samt en och annan ovän),Jonas Jonasson,M,OTHER,dash,212239,128168,250144,181020,208957,181884,200317,159274,194412,163450,187987
SvB_BS_171,Allt jag inte minns,Jonas Hassen Khemiri,M,PRESTIGE,dash,44093,151156,101870,310675,195408,253003,194799,187167,111922,134732,168481
SvB_BS_172,STHLM DELETE,Jens Lapidus,M,CRIME,quot,166150,260131,300214,292980,238724,267715,260574,260943,267365,213996,252879
SvB_BS_173,Det är något som inte stämmer,Martina Haag,F,OTHER,dash,406858,68851,270215,416944,149693,171743,337769,94446,53992,12542,198311
SvB_BS_174,Playground,Lars Kepler,2,CRIME,quot,123399,186541,249568,305347,292366,341974,200854,310156,177290,170987,235847
SvB_BS_175,Järnblod,Liza Marklund,F,CRIME,dash,192273,364652,419073,218100,240021,228597,351091,429598,284046,316560,304401
SvB_BS_176,Arvet efter dig,Jojo Moyes,F,ROMANCE,quot,283821,418470,410166,382989,374685,372222,349941,403540,432729,353716,378227
SvB_BS_177,Björndansen,Roslund & Thunberg,M,CRIME,dash,118129,188170,264252,219834,264471,196570,280303,302017,309604,243527,238687
SvB_BS_179,Konsten att höra hjärtslag,Jan-Philipp Sendker,M,ROMANCE,quot,77249,21564,128059,136261,105834,49735,77259,141421,54372,197910,98965
SvB_BS_180,Etthundra mil,Jojo Moyes,F,ROMANCE,quot,402446,328331,412915,405874,352603,287567,292199,287197,202335,343927,331539
SvB_BS_181,Sista brevet från din älskade,Jojo Moyes,F,ROMANCE,quot,354006,305894,295397,266277,299480,329166,380257,359364,305569,274882,317030
SvB_BS_182,Visning pågår,Sofie Sarenbrant,F,CRIME,quot,120451,162558,367748,418023,335310,222674,229043,245814,163121,279884,254462
SvB_BS_184,Lotus blues,Kristina Ohlsson,F,CRIME,dash,286340,294650,338030,313595,367955,372013,327399,360781,398896,366146,342580
SvB_BS_185,Offer utan ansikte,Stefan Ahnhem,M,CRIME,quot,285656,311488,268172,256278,263772,359423,354297,248416,69346,312661,272950
SvB_BS_186,Öppnas i händelse av min död,Liane Moriarty,F,ROMANCE,quot,128656,141178,258746,240967,185911,282642,327566,291914,308928,205028,237154
SvB_BS_187,Stoner,John Williams,M,OTHER,quot,195249,234424,122652,76970,226276,551636,249546,285455,207732,258303,240822
SvB_BS_188,I skymningen sjunger koltrasten,Linda Olsson,F,OTHER,quot,22325,265888,339172,319134,495106,472862,329727,281003,593337,361731,348029
SvB_BS_189,I maktens skugga,Viveca Sten,F,CRIME,quot,134796,292300,264768,265084,364451,425588,335338,432911,271414,275316,306196
SvB_BS_190,Jakthundarna,Jørn Lier Horst,M,CRIME,quot,235972,311201,132227,233601,176039,327123,182793,256436,258695,218383,233246
SvB_BS_191,Den stumma flickan,"Hans Rosenfeldt, Michael Hjorth",M,CRIME,quot,146563,208353,196393,190002,147999,210156,200206,283556,178136,191505,195287
SvB_BS_192,Tre minuter,Roslund & Hellström,M,CRIME,dash,123854,228784,211037,291051,167562,288889,227293,191872,325652,253244,230923
SvB_BS_193,Kaninjägaren,Lars Kepler,2,CRIME,dash,185061,244936,205392,243149,196023,297364,274129,242553,272788,117897,227930
SvB_BS_194,Kan man dö två gånger? : En roman om ett brott,Leif G.W. Persson,M,CRIME,dash,261505,456037,298997,359170,414289,491098,558812,568297,523984,393532,432571
SvB_BS_196,Simma med de drunknade,Lars Mytting,M,OTHER,quot,162542,245772,244704,198059,140390,261617,339861,225743,271141,238850,232869
SvB_BS_197,Ljuset vi inte ser,Anthony Doerr,M,PRESTIGE,quot,115013,128741,202730,183574,136483,187485,84364,84923,128821,88761,134090
SvB_BS_198,Avdelning 73,Sofie Sarenbrant,F,CRIME,quot,44484,113169,234857,199838,230395,169957,235127,312601,347620,135884,202393
SvB_BS_199,Det andra ansiktet,Mari Jungstedt,F,CRIME,dash,42702,324737,249231,287709,203005,293707,128357,249468,187507,126937,209336
SvB_BS_200,Störst av allt,Malin Persson Giolito,F,CRIME,quot,53604,67028,72932,77597,263353,172046,286394,103494,53318,353837,150358
SvB_BS_201,Snövit ska dö,Nele Neuhaus,F,CRIME,quot,161170,268910,261316,213446,342317,316185,345667,413416,454958,342987,312036
SvB_BS_202,Glöm mig,Alex Schulman,M,OTHER,quot,103178,115147,79670,74907,137461,121544,153116,113519,351837,148813,139921
SvB_BS_205,Kvinna inför rätta,Louise Doughty,F,CRIME,quot,63185,124891,85473,120714,236661,84943,240557,374445,249434,138045,171834
SvB_BS_206,Tiggaren,Sofie Sarenbrant,F,CRIME,quot,56938,103862,166749,163758,190641,273087,147667,47289,142114,212553,150465
SvB_BS_207,Bakom din rygg,Sofie Sarenbrant,F,CRIME,quot,50876,107769,212529,107769,128319,98352,136804,52577,136150,102420,113356
SvB_BS_208,1968,Jan Guillou,M,OTHER,quot,248452,130386,234778,177346,151372,75163,165907,181115,114131,120237,159890
SvB_BS_209,Slutet på sommaren,Anders de la Motte,M,CRIME,quot,123895,242776,219618,107044,156093,101892,277738,385359,280617,234961,212999
SvB_BS_210,Arton grader minus,Stefan Ahnhem,M,CRIME,quot,282661,309029,268611,235517,204035,310228,414902,376615,393461,183459,297853
SvB_BS_211,Återstoden av dagen,Kazuo Ishiguro,M,PRESTIGE,quot,65818,65147,378820,293298,356166,194772,260724,517560,440080,475335,304772
SvB_BS_212,Ett litet liv,Hanya Yanagihara,F,PRESTIGE,quot,71737,151915,144512,148534,184688,123389,146358,121648,112279,127243,133230
SvB_BS_213,Hjärtats innersta röst,Jan-Philipp Sendker,M,ROMANCE,quot,186113,260797,170126,22071,105703,172870,45812,323908,307206,177046,177165
SvB_BS_214,Vänd dig inte om,Tove Alsterdal,F,CRIME,quot,161524,211538,283891,360577,293881,314483,282168,365178,347115,249650,287000
SvB_BS_215,De kommer att drunkna i sina mödrars tårar,Johannes Anyuru,M,PRESTIGE,quot,30635,95253,171297,170980,91284,188443,121765,166217,169868,85410,129114
SvB_BS_216,Björnstad,Fredrik Backman,M,OTHER,dash,95167,117769,134155,178515,204337,123552,155425,217661,356203,189026,177180
SvB_BS_217,Italienska skor,Henning Mankell,M,OTHER,dash,106360,184932,275722,250569,321595,236316,207330,231884,286142,256469,235732
SvB_BS_218,Krigets gudar : Kejsaren IV,Conn Iggulden,M,OTHER,quot,253196,354739,239162,252902,254004,191624,274798,213740,247318,180910,246240
SvB_BS_219,Vänaste land,Åke Edwardson,M,CRIME,quot,255322,371884,327413,492772,405396,392829,290837,423497,534548,387750,388225
SvB_BS_220,I denna ljuva sommartid,Mari Jungstedt,F,CRIME,dash,356701,375948,568090,504102,442742,310943,322656,388485,301145,98592,366943
SvB_BS_221,Lyckans hjul,Kajsa Ingemarsson,F,ROMANCE,quot,216649,200757,229941,233359,286892,340675,164742,314962,380518,318358,268685
SvB_BS_222,Flickan under gatan,Roslund & Hellström,M,CRIME,dash,45606,86074,266444,210560,128340,181012,200026,181141,244219,181293,172471
SvB_BS_223,Tröstaren,Karin Wahlberg,F,CRIME,dash,71249,121745,170797,203718,292389,179253,305451,280643,245081,401993,227230
SvB_BS_224,Skumtimmen,Johan Theorin,M,CRIME,quot,114427,137783,282131,279777,304861,282223,316763,404064,316397,261467,269989
SvB_BS_225,Tårtgeneralen,"Filip Hammar, Fredrik Wikingsson",M,OTHER,quot,82385,99881,253440,42466,154578,90708,82555,39239,30236,87311,96280
SvB_BS_226,Ängelns lek,Carlos Ruiz Zafon,M,OTHER,dash,219492,338637,291942,452141,512547,439270,396909,345039,266912,276161,353904
SvB_BS_227,Matthandlare Olssons död,Karin Wahlberg,F,CRIME,quot,75167,113029,209275,159084,162345,126551,268931,293430,220729,283964,191250
SvB_BS_228,Bergens väktare : Erövraren III,Conn Iggulden,M,OTHER,quot,157227,188874,132299,143225,125958,198920,160555,175499,310561,125589,171871
SvB_BS_229,Maskarna på Carmine Street,Håkan Nesser,M,CRIME,quot,139195,112386,148457,214605,351468,428678,121013,230139,241616,138471,212600
SvB_BS_230,Den farliga leken,Mari Jungstedt,F,CRIME,dash,37941,326486,387190,219913,132931,210246,364065,291118,295916,229245,249505
SvB_BS_231,De ensamma,Håkan Nesser,M,CRIME,quot,153015,170147,185515,389926,314853,295221,238456,291544,292500,341863,267303
SvB_BS_232,Vårlik,Mons Kallentoft,M,CRIME,quot,104108,207048,339546,234073,210098,242440,211877,280329,310996,142664,228317
SvB_BS_234,Alkemisten,Paulo Coelho,M,OTHER,quot,205890,283131,147507,170240,215965,164557,267889,253423,415655,199173,232343
SvB_BS_235,Elva minuter,Paulo Coelho,M,OTHER,quot,95466,133792,82311,216702,206675,218497,121969,154145,211913,107902,154936
SvB_BS_237,Låt den rätte komma in,John Ajvide Lindqvist,M,OTHER,quot,130565,140609,195248,202294,189252,112877,67456,200045,126443,132974,149776
SvB_BS_238,Shantaram,Gregory David Roberts,M,OTHER,quot,376443,200454,308304,275806,270496,390578,269333,277735,278211,315235,296260
SvB_BS_240,Femtio nyanser av honom,E.L. James,F,ROMANCE,quot,288780,203852,228493,196821,297848,287068,215347,194742,311464,199217,242363
SvB_BS_241,Femtio nyanser av mörker,E.L. James,F,ROMANCE,quot,257655,339196,245282,280056,247657,325266,277617,340737,248427,268263,283015
SvB_BS_242,Morgon i Jenin,Susan Abulhawa,F,OTHER,quot,188426,131612,81579,97334,134801,119551,191176,89620,208633,142419,138516
SvB_BS_243,Femtio nyanser av frihet,E.L. James,F,ROMANCE,quot,229129,231068,305201,233862,255489,242073,333029,291058,412694,215626,274923
SvB_BS_244,Min fantastiska väninna,Elena Ferrante,F,OTHER,quot,39250,59857,83089,85831,110145,167545,111415,180629,150864,88370,107700
SvB_BS_245,Hennes nya namn,Elena Ferrante,F,OTHER,quot,118046,169047,182939,151895,202504,260680,142634,127372,171199,175646,170196
SvB_BS_246,Toner i natten,Jojo Moyes,F,ROMANCE,quot,380444,325637,336812,243468,254560,356450,417749,221364,278061,247987,306253
SvB_BS_247,Kvinnan på tåget,Paula Hawkins,F,CRIME,quot,21661,117963,223339,176815,287735,232218,236729,247048,168797,245414,195771
SvB_BS_248,Det lilla bageriet på strandpromenaden,Jenny Colgan,F,ROMANCE,quot,207378,224163,337172,296672,426466,219284,279594,200059,319313,256100,276620
SvB_BS_249,Mannen som sökte sin skugga,David Lagercrantz,M,CRIME,quot,91783,349835,354502,434572,419420,55911,374908,372621,218247,156585,282838
SvB_BS_250,Begynnelse,Dan Brown,M,CRIME,quot,359956,387819,336434,303416,320954,235482,341497,245948,438549,391380,336144
SvB_BS_251,Häxan,Camilla Läckberg,F,CRIME,quot,259672,282234,435754,325621,276022,334703,338388,429494,434895,328067,344486
SvB_BS_252,Det förlorade barnet,Elena Ferrante,F,PRESTIGE,quot,149399,162980,198422,166095,182965,220153,182200,183353,223516,186405,185549
SvB_BS_253,"Den som stannar, den som går",Elena Ferrante,F,OTHER,quot,117424,114681,191209,298156,292355,82621,177748,216942,195523,211438,189808
SvB_BS_254,Top dogg,Jens Lapidus,M,CRIME,quot,277898,313952,346558,319060,316401,246012,359362,359012,324307,251469,311403
SvB_BS_255,Törst,Jo Nesbø,M,CRIME,quot,319724,435408,371379,583946,535096,442898,452111,364552,553655,452641,451140
SvB_BS_256,Never let me go,Kazuo Ishiguro,M,PRESTIGE,quot,215033,83342,121234,219404,161197,273424,337440,285226,343824,438911,247901
SvB_BS_257,Det förlovade landet,Mari Jungstedt,F,CRIME,dash,39137,199481,221410,303938,217519,257102,283188,208206,184744,230370,214508
SvB_BS_258,Selfies,Jussi Adler-Olsen,M,CRIME,quot,291031,264848,310514,490661,327780,470371,510044,550457,253880,449274,391884
SvB_BS_259,Sommar på strandpromenaden,Jenny Colgan,F,ROMANCE,quot,255797,291747,435342,450127,395949,374987,235646,394025,155949,295595,328516
SvB_BS_260,Jul i det lilla bageriet på strandpromenaden,Jenny Colgan,F,ROMANCE,quot,154528,345611,426198,251177,446829,310856,298117,423013,313764,339011,330910
SvB_BS_261,Lazarus,Lars Kepler,2,CRIME,dash,240850,271113,280630,292672,175262,233018,138581,268766,228461,73439,220280
SvB_BS_263,Bränn alla mina brev,Alex Schulman,M,OTHER,quot,74787,120016,126761,214683,88673,197580,119643,240627,241619,69246,149364
SvB_BS_264,De som dödar drömmar sover aldrig,Jan Guillou,M,OTHER,quot,93423,126439,124830,234015,174313,256373,112372,99177,124201,257992,160313
SvB_BS_265,En andra chans,Jojo Moyes,F,ROMANCE,quot,321760,346564,351509,337559,316862,309177,353958,323152,407621,146665,321484
SvB_BS_266,Ett mörker mitt ibland oss,Mari Jungstedt,F,CRIME,dash,15313,339983,332865,454903,334551,329868,274094,314599,339421,127160,286276
SvB_BS_267,I fel sällskap,Viveca Sten,F,CRIME,quot,269838,254139,269578,323501,281663,238154,303235,275002,223026,215530,265367
SvB_BS_268,Syndabocken,Sofie Sarenbrant,F,CRIME,quot,107447,191107,376994,244492,225602,211650,242736,268451,360454,164774,239370
SvB_BS_269,En högre rättvisa,"Hans Rosenfeldt, Michael Hjorth",M,CRIME,quot,124782,207014,189262,239210,144374,237470,176558,224330,255482,194326,199281
SvB_BS_270,De vänsterhäntas förening,Håkan Nesser,M,CRIME,quot,226564,327438,330759,348185,280176,192911,494749,293382,411846,381419,328744
SvB_BS_271,Tre timmar,Anders Roslund,M,CRIME,dash,241303,239880,441500,275058,353412,253831,283635,185524,284214,216172,277452
SvB_BS_273,1793,Niklas Natt och Dag,M,CRIME,quot,360544,432728,444454,241966,123534,337123,193179,493420,311610,587324,352588
SvB_BS_274,Den lilla bokhandeln runt hörnet,Jenny Colgan,F,ROMANCE,quot,249798,223607,305065,290445,318103,299988,445650,296642,231799,357720,301880
SvB_BS_275,Silvervägen,Stina Jackson,F,CRIME,dash,113580,213856,167712,284575,312418,346491,224967,282353,206797,246013,239876
SvB_BS_276,Bara ett barn,Malin Persson Giolito,F,CRIME,quot,256692,231385,389626,272977,299869,300108,109478,243576,301064,325804,273058
SvB_BS_277,Ensam i Paris (och andra historier),Jojo Moyes,F,ROMANCE,quot,249088,285133,435484,428191,374246,399860,369986,377560,376438,281105,357710
SvB_BS_278,Husdjuret,Camilla Grebe,F,CRIME,dash,94437,165908,225005,170676,308454,307266,239085,118491,192536,207306,202916
SvB_BS_279,Den tyska flickan,Armando Lucas Correa,M,OTHER,quot,65788,102852,94425,100908,139261,91606,141098,151145,105337,92805,108522
SvB_BS_280,Strandcaféet,Lucy Diamond,F,ROMANCE,quot,157710,281674,297767,305569,397445,347898,361845,319321,220813,376768,306681
SvB_BS_281,Kvinnan i fönstret,A.J. Finn,M,CRIME,quot,162980,269018,292258,182302,276920,201294,114044,304184,306135,367317,247644
SvB_BS_282,Blodlokan,Louise Boije af Gennäs,F,CRIME,quot,264104,320213,357826,248565,337771,286653,426895,327786,346592,363485,327988
SvB_BS_283,Syndafloder,Kristina Ohlsson,F,CRIME,dash,127246,250524,294141,308882,304022,290548,330539,276974,419603,350833,295330
SvB_BS_284,Höstdåd,Anders de la Motte,M,CRIME,quot,178499,320331,248089,260201,292245,340849,347351,372133,206194,232504,279840
SvB_BS_285,Pappas pojke,Emelie Schepp,F,CRIME,dash,310341,404995,424469,320387,491253,352184,338981,279349,422159,385411,372952
SvB_BS_286,Hon som måste dö,David Lagercrantz,M,CRIME,quot,149505,349947,258865,199681,415122,494197,281896,349697,235037,423642,315759
SvB_BS_287,En bur av guld,Camilla Läckberg,F,CRIME,quot,138996,249447,183502,221601,249476,328090,345334,223348,294186,272081,250606
SvB_BS_288,1794,Niklas Natt och Dag,M,CRIME,quot,221924,332141,260219,387322,528647,178464,221292,379195,513775,222674,324565
SvB_BS_289,Den andra dödssynden,Jan Guillou,M,OTHER,quot,145063,177395,270041,148201,139975,106330,218175,131328,97483,121239,155524
SvB_BS_290,Jag ser dig,Mari Jungstedt,F,CRIME,dash,160126,154319,284476,357818,437510,390763,211978,270807,481324,167087,291623
SvB_BS_291,Kniv,Jo Nesbø,M,CRIME,quot,285978,364625,442811,408030,518228,533654,232991,311688,268706,241627,360835
SvB_BS_292,Broder Jakob,Emelie Schepp,F,CRIME,dash,337833,325448,499568,535695,474725,476129,435144,488334,479693,243357,429593
SvB_BS_293,Löparna,Olga Tokarczuk,F,PRESTIGE,dash,15138,78826,46797,50766,56679,18368,15876,69596,78734,62125,49290
SvB_BS_294,Bergens stjärnor,Jojo Moyes,F,ROMANCE,quot,283302,346304,441064,351118,379670,355494,258525,315768,266846,331539,332964
SvB_BS_295,Skamvrån,Sofie Sarenbrant,F,CRIME,quot,169190,208243,357126,282985,162461,194064,298486,222663,244653,200793,234066
SvB_BS_296,Folk med ångest,Fredrik Backman,M,OTHER,quot,206302,107775,250171,192374,317310,341820,497545,524549,422194,288879,314891
SvB_BS_297,I hemlighet begravd,Viveca Sten,F,CRIME,quot,303783,277993,357012,290888,285653,238771,67698,247286,174619,175712,241940
SvB_BS_298,Hundraettåringen som tänkte att han tänkte för mycket,Jonas Jonasson,M,OTHER,dash,108675,252499,328531,327636,289078,162743,151564,146313,214017,230811,221185
SvB_BS_299,Jamåhonleva,Anders Roslund,M,CRIME,dash,154600,175663,230494,349024,437026,236548,411699,391404,249765,333930,297015
SvB_BS_301,En helt vanlig familj,Mattias Edvardsson,M,CRIME,quot,184916,249230,306170,303771,150565,338561,290795,237935,292728,272591,262726
SvB_BS_302,Bokhandeln på Riverside Drive,Frida Skybäck,F,ROMANCE,quot,98208,149439,322776,277191,304853,265324,314265,252066,324085,273099,258131
SvB_BS_303,Tatueraren i Auschwitz,Heather Morris,F,OTHER,quot,134981,326833,328009,237054,221251,444949,312878,338937,161399,252522,275882
SvB_BS_304,Sommar på den lilla ön i havet,Jenny Colgan,F,ROMANCE,quot,128594,261279,268762,380866,353645,294419,207803,299230,310776,342955,284832
SvB_BS_305,Det som göms i snö,Carin Gerhardsen,F,CRIME,dash,214325,294715,171981,254750,155929,220548,192946,59074,196549,202446,196327
SvB_BS_306,Motiv X,Stefan Ahnhem,M,CRIME,quot,254727,370688,247438,172969,400880,349329,416438,297806,345721,216497,307249
SvB_BS_308,På egen hand,Marian Keyes,M,ROMANCE,quot,212518,276531,209650,346212,353222,342557,422843,390023,415083,423542,339218
SvB_BS_309,Spegelmannen,Lars Kepler,2,CRIME,dash,91192,214035,287479,266378,304899,358305,254764,310951,277010,283880,264889
SvB_BS_310,Där kräftorna sjunger,Delia Owens,F,OTHER,quot,172182,185456,156022,291871,202866,242882,508802,263178,569738,318615,291159
SvB_BS_311,Samlade verk,Lydia Sandgren,F,PRESTIGE,quot,133264,170925,152221,258037,164715,189233,235207,164765,109101,158431,173590
SvB_BS_312,Vingar av silver,Camilla Läckberg,F,CRIME,quot,163675,324590,332445,318654,357554,294571,346143,191892,258942,247159,283562
SvB_BS_313,Slutet på historien,Jan Guillou,M,OTHER,quot,16160,234413,195659,212786,144249,221184,211819,113523,16080,126990,149285
SvB_BS_314,Överlevarna,Alex Schulman,M,OTHER,quot,57727,280975,192721,163887,166726,157253,150412,84095,50735,145419,144993
SvB_BS_316,Mytomanen,Sofie Sarenbrant,F,CRIME,quot,249131,302261,377116,433043,313007,340754,356712,297971,323789,224928,321871
SvB_BS_317,Vargasommar,Hans Rosenfeldt,M,CRIME,quot,108439,157155,244725,121280,132097,210762,130554,180614,165206,126389,157721
SvB_BS_318,Renegater,Klas Östergren,M,PRESTIGE,quot,161237,163678,142241,125155,145102,124007,41718,25749,133701,161585,122417
SvB_BS_319,Solsystern : Electras bok,Lucinda Riley,F,ROMANCE,quot,418845,436517,484268,491308,485465,526735,490854,513172,542921,677926,506801
SvB_BS_320,Innan molnen kommer,Mari Jungstedt,F,CRIME,dash,177613,150918,224784,59921,337631,249204,178701,348400,399666,127275,225416
SvB_BS_321,Jag ser allt du gör,Annika Norlin,F,PRESTIGE,quot,113527,312212,179423,221455,222083,192388,145546,187578,210581,56880,184166
SvB_BS_323,Månsystern : Tiggys bok,Lucinda Riley,F,ROMANCE,quot,514763,456235,396575,510521,537438,476650,527695,519409,511224,581530,503204
SvB_BS_324,Nio liv,Emelie Schepp,F,CRIME,dash,339442,401327,366018,483922,386146,400090,424331,410773,349713,312493,387426
SvB_BS_325,Testamente,Nina Wähä,F,PRESTIGE,dash,49434,114542,30879,51577,44614,34363,85203,103624,113336,75563,70314
SvB_BS_327,Tillbaka till den lilla ön i havet,Jenny Colgan,F,ROMANCE,quot,146248,259568,156297,260665,231773,251764,308885,210712,297092,286432,240942
SvB_BS_328,Det sista livet,"Peter Mohlin, Peter Nyström",M,CRIME,quot,157061,152533,262915,194322,295626,267526,411341,352331,251531,196052,254123
SvB_BS_329,Krokodilväktaren,Katrine Engberg,F,CRIME,quot,241004,297996,430942,518207,423015,352295,382568,360267,441715,362030,381004
SvB_BS_330,Bokcirkeln vid världens ände,Frida Skybäck,F,ROMANCE,quot,232175,193444,244310,258169,225412,311932,404531,393297,428333,252767,294438
SvB_BS_331,Råttkungen,Pascal Engman,M,CRIME,quot,198297,248389,248734,179768,263467,216045,238808,296731,279121,130640,229999
SvB_BS_333,Det första chiffret,Denise Rudberg,F,OTHER,dash,393564,340714,257493,395926,476008,387806,491143,389783,418660,422413,397351
SvB_BS_334,Julafton på den lilla ön i havet,Jenny Colgan,F,ROMANCE,quot,64721,229269,198382,184629,257188,154002,192141,175408,243282,205028,190404
